molecular-motions-inside-the-cell	
pairing-and-stacking	
a-bioinformatics-walk-through-accessing-interfaces	
gibbs-graphical-method	
readcube-free-access	
systems-consequences-of-amplicon-formation-in-human-breast-cancer	
chemistrynobel2014	
histone-modification-chromatin-signalling-and-structure	
NoLS-charge-dependence	
comparison-of-geometric-motifs-common-on-greek	
seasons-tweetings	
cochrane-ecig	
AD-amyloid-hypothesis	
light-reg-miRNAs	
mRNA-eukaryotic-ribosomal-interaction	
ars-tumorigenesis	
evolutionary-biochemistry	
post-transcriptional-circadian-genomics	
miR17-92-structure	
evol-folding-opt	
an-11-PUM-repeat-fold	
one-weird-rmd-trick	
modular-workbook	
tamara-munzner-data-stories	
gdoc-rmd-gui	
SICP-Perlis-foreword	
Walden	114288240626
